id,submission
8866,48295022.200779974
8867,40382216.32993374
8868,40157710.50579303
8869,3258923.414248537
8870,1061620.0552727273
8871,84892137.11333333
8872,40382216.32993374
8873,40157710.50579303
8874,49360793.051043
8875,3258923.414248537
8876,27572720.05071466
8877,73426316.95995702
8878,40157710.50579303
8879,68460295.32144396
8880,40382216.32993374
8881,27572720.05071466
8882,47761615.17626618
8883,27572720.05071466
8884,80739459.984375
8885,68460295.32144396
8886,40157710.50579303
8887,27572720.05071466
8888,97891244.42029808
8889,27572720.05071466
8890,34578328.66858686
8891,48295022.200779974
8892,40382216.32993374
8893,68460295.32144396
8894,27572720.05071466
8895,40382216.32993374
8896,40382216.32993374
8897,34578328.66858686
8898,27572720.05071466
8899,80739459.984375
8900,73426316.95995702
8901,40157710.50579303
8902,47761615.17626618
8903,40157710.50579303
8904,40157710.50579303
8905,3258923.414248537
8906,3258923.414248537
8907,40157710.50579303
8908,3258923.414248537
8909,3258923.414248537
8910,3258923.414248537
8911,27572720.05071466
8912,40382216.32993374
8913,173958324.33544162
8914,173958324.33544162
8915,40157710.50579303
8916,48295022.200779974
8917,47761615.17626618
8918,68460295.32144396
8919,40157710.50579303
8920,68460295.32144396
8921,42668195.831599995
8922,40157710.50579303
8923,40382216.32993374
8924,73426316.95995702
8925,40157710.50579303
8926,40157710.50579303
8927,68460295.32144396
8928,27572720.05071466
8929,27572720.05071466
8930,68460295.32144396
8931,47761615.17626618
8932,65804077.52965228
8933,40382216.32993374
8934,3258923.414248537
8935,40382216.32993374
8936,97891244.42029808
8937,40157710.50579303
8938,68460295.32144396
8939,73426316.95995702
8940,40157710.50579303
8941,80739459.984375
8942,73426316.95995702
8943,47761615.17626618
8944,73426316.95995702
8945,65804077.52965228
8946,3258923.414248537
8947,47761615.17626618
8948,3258923.414248537
8949,84892137.11333333
8950,27572720.05071466
8951,97891244.42029808
8952,47761615.17626618
8953,32426723.38086644
8954,47761615.17626618
8955,68460295.32144396
8956,40157710.50579303
8957,27572720.05071466
8958,68460295.32144396
8959,40157710.50579303
8960,40382216.32993374
8961,68460295.32144396
8962,27572720.05071466
8963,40157710.50579303
8964,40382216.32993374
8965,68460295.32144396
8966,68460295.32144396
8967,3258923.414248537
8968,65804077.52965228
8969,80739459.984375
8970,3258923.414248537
8971,34578328.66858686
8972,47761615.17626618
8973,40157710.50579303
8974,3258923.414248537
8975,47761615.17626618
8976,40382216.32993374
8977,3258923.414248537
8978,27572720.05071466
8979,47761615.17626618
8980,68460295.32144396
8981,47761615.17626618
8982,68460295.32144396
8983,3258923.414248537
8984,47761615.17626618
8985,40382216.32993374
8986,173958324.33544162
8987,84892137.11333333
8988,68460295.32144396
8989,47761615.17626618
8990,47761615.17626618
8991,40157710.50579303
8992,68460295.32144396
8993,173958324.33544162
8994,80739459.984375
8995,40157710.50579303
8996,40382216.32993374
8997,68460295.32144396
8998,68460295.32144396
8999,40157710.50579303
9000,40382216.32993374
9001,1061620.0552727273
9002,49360793.051043
9003,173958324.33544162
9004,47761615.17626618
9005,40382216.32993374
9006,40157710.50579303
9007,40157710.50579303
9008,68460295.32144396
9009,173958324.33544162
9010,27572720.05071466
9011,40157710.50579303
9012,47761615.17626618
9013,40157710.50579303
9014,47761615.17626618
9015,40157710.50579303
9016,65804077.52965228
9017,40157710.50579303
9018,27572720.05071466
9019,40382216.32993374
9020,27572720.05071466
9021,68460295.32144396
9022,40382216.32993374
9023,68460295.32144396
9024,68460295.32144396
9025,40157710.50579303
9026,40382216.32993374
9027,40382216.32993374
9028,40382216.32993374
9029,97891244.42029808
9030,34578328.66858686
9031,47761615.17626618
9032,40157710.50579303
9033,47761615.17626618
9034,40382216.32993374
9035,68460295.32144396
9036,68460295.32144396
9037,40157710.50579303
9038,40157710.50579303
9039,40382216.32993374
9040,1061620.0552727273
9041,40382216.32993374
9042,27572720.05071466
9043,40382216.32993374
9044,3258923.414248537
9045,3258923.414248537
9046,48295022.200779974
9047,68460295.32144396
9048,40157710.50579303
9049,97891244.42029808
9050,40382216.32993374
9051,40382216.32993374
9052,65804077.52965228
9053,40157710.50579303
9054,40382216.32993374
9055,40157710.50579303
9056,40382216.32993374
9057,47761615.17626618
9058,40157710.50579303
9059,173958324.33544162
9060,27572720.05071466
9061,40157710.50579303
9062,49360793.051043
9063,68460295.32144396
9064,73426316.95995702
9065,68460295.32144396
9066,68460295.32144396
9067,40382216.32993374
9068,48295022.200779974
9069,40157710.50579303
9070,68460295.32144396
9071,40382216.32993374
9072,68460295.32144396
9073,27572720.05071466
9074,65804077.52965228
9075,40382216.32993374
9076,27572720.05071466
9077,73426316.95995702
9078,40157710.50579303
9079,40382216.32993374
9080,47761615.17626618
9081,40157710.50579303
9082,40382216.32993374
9083,65804077.52965228
9084,3258923.414248537
9085,73426316.95995702
9086,40157710.50579303
9087,40382216.32993374
9088,68460295.32144396
9089,40382216.32993374
9090,3258923.414248537
9091,49125854.04571642
9092,40157710.50579303
9093,3258923.414248537
9094,27572720.05071466
9095,1061620.0552727273
9096,27572720.05071466
9097,27572720.05071466
9098,47761615.17626618
9099,97891244.42029808
9100,40157710.50579303
9101,97891244.42029808
9102,40382216.32993374
9103,40157710.50579303
9104,40382216.32993374
9105,68460295.32144396
9106,47761615.17626618
9107,68460295.32144396
9108,40382216.32993374
9109,27572720.05071466
9110,40382216.32993374
9111,3258923.414248537
9112,40382216.32993374
9113,40157710.50579303
9114,68460295.32144396
9115,173958324.33544162
9116,49125854.04571642
9117,3258923.414248537
9118,68460295.32144396
9119,68460295.32144396
9120,40157710.50579303
9121,40157710.50579303
9122,73426316.95995702
9123,3258923.414248537
9124,27572720.05071466
9125,3258923.414248537
9126,73426316.95995702
9127,40157710.50579303
9128,68460295.32144396
9129,40157710.50579303
9130,3258923.414248537
9131,68460295.32144396
9132,73426316.95995702
9133,47761615.17626618
9134,40382216.32993374
9135,48295022.200779974
9136,40382216.32993374
9137,3258923.414248537
9138,49125854.04571642
9139,40157710.50579303
9140,27572720.05071466
9141,40157710.50579303
9142,73426316.95995702
9143,68460295.32144396
9144,3258923.414248537
9145,68460295.32144396
9146,97891244.42029808
9147,40382216.32993374
9148,27572720.05071466
9149,65804077.52965228
9150,40157710.50579303
9151,68460295.32144396
9152,40157710.50579303
9153,68460295.32144396
9154,42668195.831599995
9155,3258923.414248537
9156,68460295.32144396
9157,93528810.42977779
9158,40157710.50579303
9159,40157710.50579303
9160,27572720.05071466
9161,40382216.32993374
9162,68460295.32144396
9163,40382216.32993374
9164,68460295.32144396
9165,1061620.0552727273
9166,73426316.95995702
9167,40382216.32993374
9168,3258923.414248537
9169,68460295.32144396
9170,68460295.32144396
9171,40382216.32993374
9172,47761615.17626618
9173,47761615.17626618
9174,68460295.32144396
9175,40382216.32993374
9176,73426316.95995702
9177,80739459.984375
9178,27572720.05071466
9179,47761615.17626618
9180,40382216.32993374
9181,68460295.32144396
9182,27572720.05071466
9183,40157710.50579303
9184,84892137.11333333
9185,3258923.414248537
9186,68460295.32144396
9187,40157710.50579303
9188,40382216.32993374
9189,40382216.32993374
9190,40382216.32993374
9191,68460295.32144396
9192,40382216.32993374
9193,40382216.32993374
9194,40157710.50579303
9195,80739459.984375
9196,48295022.200779974
9197,40382216.32993374
9198,47761615.17626618
9199,68460295.32144396
9200,48295022.200779974
9201,40157710.50579303
9202,80739459.984375
9203,97891244.42029808
9204,47761615.17626618
9205,40157710.50579303
9206,80739459.984375
9207,27572720.05071466
9208,68460295.32144396
9209,40382216.32993374
9210,73426316.95995702
9211,84892137.11333333
9212,173958324.33544162
9213,40382216.32993374
9214,49125854.04571642
9215,97891244.42029808
9216,47761615.17626618
9217,40157710.50579303
9218,40382216.32993374
9219,40382216.32993374
9220,73426316.95995702
9221,27572720.05071466
9222,73426316.95995702
9223,40382216.32993374
9224,40382216.32993374
9225,97891244.42029808
9226,40382216.32993374
9227,27572720.05071466
9228,40157710.50579303
9229,40157710.50579303
9230,40382216.32993374
9231,68460295.32144396
9232,40157710.50579303
9233,40382216.32993374
9234,3258923.414248537
9235,32426723.38086644
9236,40157710.50579303
9237,84892137.11333333
9238,68460295.32144396
9239,47761615.17626618
9240,27572720.05071466
9241,40157710.50579303
9242,40157710.50579303
9243,173958324.33544162
9244,65804077.52965228
9245,40157710.50579303
9246,27572720.05071466
9247,47761615.17626618
9248,27572720.05071466
9249,80739459.984375
9250,40382216.32993374
9251,34578328.66858686
9252,65804077.52965228
9253,3258923.414248537
9254,68460295.32144396
9255,3258923.414248537
9256,47761615.17626618
9257,27572720.05071466
9258,3258923.414248537
9259,40157710.50579303
9260,40157710.50579303
9261,40157710.50579303
9262,40157710.50579303
9263,27572720.05071466
9264,48295022.200779974
9265,97891244.42029808
9266,40157710.50579303
9267,40382216.32993374
9268,34578328.66858686
9269,40157710.50579303
9270,68460295.32144396
9271,40157710.50579303
9272,68460295.32144396
9273,40157710.50579303
9274,68460295.32144396
9275,3258923.414248537
9276,3258923.414248537
9277,40382216.32993374
9278,40157710.50579303
9279,84892137.11333333
9280,40157710.50579303
9281,40157710.50579303
9282,40382216.32993374
9283,40382216.32993374
9284,40157710.50579303
9285,47761615.17626618
9286,40382216.32993374
9287,40157710.50579303
9288,40157710.50579303
9289,40382216.32993374
9290,40382216.32993374
9291,47761615.17626618
9292,40157710.50579303
9293,3258923.414248537
9294,68460295.32144396
9295,40157710.50579303
9296,27572720.05071466
9297,40157710.50579303
9298,40157710.50579303
9299,40157710.50579303
9300,40382216.32993374
9301,40157710.50579303
9302,40382216.32993374
9303,40157710.50579303
9304,40382216.32993374
9305,173958324.33544162
9306,40382216.32993374
9307,68460295.32144396
9308,40157710.50579303
9309,40382216.32993374
9310,40382216.32993374
9311,27572720.05071466
9312,48295022.200779974
9313,40157710.50579303
9314,40382216.32993374
9315,47761615.17626618
9316,3258923.414248537
9317,48295022.200779974
9318,40382216.32993374
9319,40157710.50579303
9320,40382216.32993374
9321,40157710.50579303
9322,3258923.414248537
9323,47761615.17626618
9324,3258923.414248537
9325,40157710.50579303
9326,40157710.50579303
9327,27572720.05071466
9328,3258923.414248537
9329,47761615.17626618
9330,48295022.200779974
9331,40382216.32993374
9332,68460295.32144396
9333,40157710.50579303
9334,49125854.04571642
9335,48295022.200779974
9336,48295022.200779974
9337,68460295.32144396
9338,49125854.04571642
9339,27572720.05071466
9340,73426316.95995702
9341,40382216.32993374
9342,27572720.05071466
9343,34578328.66858686
9344,97891244.42029808
9345,3258923.414248537
9346,40157710.50579303
9347,27572720.05071466
9348,27572720.05071466
9349,3258923.414248537
9350,68460295.32144396
9351,93528810.42977779
9352,40382216.32993374
9353,49125854.04571642
9354,40382216.32993374
9355,40157710.50579303
9356,40157710.50579303
9357,40382216.32993374
9358,40157710.50579303
9359,27572720.05071466
9360,1061620.0552727273
9361,40157710.50579303
9362,40157710.50579303
9363,68460295.32144396
9364,27572720.05071466
9365,27572720.05071466
9366,27572720.05071466
9367,73426316.95995702
9368,68460295.32144396
9369,68460295.32144396
9370,32426723.38086644
9371,68460295.32144396
9372,40382216.32993374
9373,68460295.32144396
9374,68460295.32144396
9375,65804077.52965228
9376,65804077.52965228
9377,40157710.50579303
9378,47761615.17626618
9379,40157710.50579303
9380,40382216.32993374
9381,40157710.50579303
9382,47761615.17626618
9383,40157710.50579303
9384,27572720.05071466
9385,40157710.50579303
9386,27572720.05071466
9387,47761615.17626618
9388,27572720.05071466
9389,73426316.95995702
9390,27572720.05071466
9391,40382216.32993374
9392,40157710.50579303
9393,68460295.32144396
9394,47761615.17626618
9395,173958324.33544162
9396,40157710.50579303
9397,97891244.42029808
9398,73426316.95995702
9399,3258923.414248537
9400,27572720.05071466
9401,68460295.32144396
9402,40157710.50579303
9403,68460295.32144396
9404,40382216.32993374
9405,40157710.50579303
9406,47761615.17626618
9407,40157710.50579303
9408,1061620.0552727273
9409,27572720.05071466
9410,40382216.32993374
9411,40157710.50579303
9412,40382216.32993374
9413,68460295.32144396
9414,97891244.42029808
9415,47761615.17626618
9416,27572720.05071466
9417,173958324.33544162
9418,40157710.50579303
9419,40382216.32993374
9420,68460295.32144396
9421,27572720.05071466
9422,27572720.05071466
9423,47761615.17626618
9424,73426316.95995702
9425,40382216.32993374
9426,27572720.05071466
9427,27572720.05071466
9428,40382216.32993374
9429,40157710.50579303
9430,68460295.32144396
9431,73426316.95995702
9432,3258923.414248537
9433,27572720.05071466
9434,68460295.32144396
9435,3258923.414248537
9436,40382216.32993374
9437,3258923.414248537
9438,40382216.32993374
9439,40157710.50579303
9440,68460295.32144396
9441,40157710.50579303
9442,84892137.11333333
9443,40157710.50579303
9444,1061620.0552727273
9445,40157710.50579303
9446,40382216.32993374
9447,47761615.17626618
9448,40382216.32993374
9449,27572720.05071466
9450,3258923.414248537
9451,97891244.42029808
9452,40382216.32993374
9453,40382216.32993374
9454,27572720.05071466
9455,80739459.984375
9456,1061620.0552727273
9457,3258923.414248537
9458,40157710.50579303
9459,3258923.414248537
9460,3258923.414248537
9461,3258923.414248537
9462,40382216.32993374
9463,97891244.42029808
9464,40382216.32993374
9465,3258923.414248537
9466,73426316.95995702
9467,40157710.50579303
9468,73426316.95995702
9469,68460295.32144396
9470,40157710.50579303
9471,40157710.50579303
9472,84892137.11333333
9473,40157710.50579303
9474,3258923.414248537
9475,40157710.50579303
9476,3258923.414248537
9477,40382216.32993374
9478,27572720.05071466
9479,65804077.52965228
9480,68460295.32144396
9481,48295022.200779974
9482,3258923.414248537
9483,47761615.17626618
9484,40157710.50579303
9485,49125854.04571642
9486,80739459.984375
9487,40157710.50579303
9488,40382216.32993374
9489,40382216.32993374
9490,68460295.32144396
9491,68460295.32144396
9492,3258923.414248537
9493,47761615.17626618
9494,48295022.200779974
9495,73426316.95995702
9496,40157710.50579303
9497,40382216.32993374
9498,73426316.95995702
9499,173958324.33544162
9500,40382216.32993374
9501,40157710.50579303
9502,27572720.05071466
9503,40157710.50579303
9504,40157710.50579303
9505,40382216.32993374
9506,27572720.05071466
9507,3258923.414248537
9508,34578328.66858686
9509,40382216.32993374
9510,40382216.32993374
9511,65804077.52965228
9512,173958324.33544162
9513,65804077.52965228
9514,40382216.32993374
9515,40382216.32993374
9516,73426316.95995702
9517,47761615.17626618
9518,3258923.414248537
9519,68460295.32144396
9520,84892137.11333333
9521,40157710.50579303
9522,40157710.50579303
9523,40157710.50579303
9524,49360793.051043
9525,40382216.32993374
9526,173958324.33544162
9527,48295022.200779974
9528,40382216.32993374
9529,48295022.200779974
9530,40157710.50579303
9531,68460295.32144396
9532,40157710.50579303
9533,68460295.32144396
9534,173958324.33544162
9535,68460295.32144396
9536,27572720.05071466
9537,65804077.52965228
9538,68460295.32144396
9539,40157710.50579303
9540,48295022.200779974
9541,65804077.52965228
9542,27572720.05071466
9543,68460295.32144396
9544,68460295.32144396
9545,68460295.32144396
9546,3258923.414248537
9547,173958324.33544162
9548,3258923.414248537
9549,73426316.95995702
9550,68460295.32144396
9551,68460295.32144396
9552,48295022.200779974
9553,68460295.32144396
9554,40157710.50579303
9555,40157710.50579303
9556,40382216.32993374
9557,3258923.414248537
9558,48295022.200779974
9559,3258923.414248537
9560,27572720.05071466
9561,40157710.50579303
9562,1061620.0552727273
9563,40157710.50579303
9564,3258923.414248537
9565,40157710.50579303
9566,3258923.414248537
9567,84892137.11333333
9568,40157710.50579303
9569,40157710.50579303
9570,27572720.05071466
9571,40382216.32993374
9572,32426723.38086644
9573,40157710.50579303
9574,68460295.32144396
9575,40382216.32993374
9576,40382216.32993374
9577,97891244.42029808
9578,40382216.32993374
9579,173958324.33544162
9580,40382216.32993374
9581,73426316.95995702
9582,40382216.32993374
9583,68460295.32144396
9584,40382216.32993374
9585,27572720.05071466
9586,173958324.33544162
9587,48295022.200779974
9588,34578328.66858686
9589,40382216.32993374
9590,40382216.32993374
9591,40382216.32993374
9592,3258923.414248537
9593,73426316.95995702
9594,40157710.50579303
9595,68460295.32144396
9596,68460295.32144396
9597,40157710.50579303
9598,40157710.50579303
9599,40157710.50579303
9600,40157710.50579303
9601,73426316.95995702
9602,40382216.32993374
9603,40382216.32993374
9604,40382216.32993374
9605,68460295.32144396
9606,48295022.200779974
9607,68460295.32144396
9608,40382216.32993374
9609,40382216.32993374
9610,3258923.414248537
9611,68460295.32144396
9612,173958324.33544162
9613,27572720.05071466
9614,27572720.05071466
9615,73426316.95995702
9616,68460295.32144396
9617,40382216.32993374
9618,40157710.50579303
9619,47761615.17626618
9620,65804077.52965228
9621,48295022.200779974
9622,68460295.32144396
9623,27572720.05071466
9624,49125854.04571642
9625,68460295.32144396
9626,68460295.32144396
9627,47761615.17626618
9628,173958324.33544162
9629,40382216.32993374
9630,40157710.50579303
9631,40382216.32993374
9632,40157710.50579303
9633,3258923.414248537
9634,27572720.05071466
9635,40157710.50579303
9636,48295022.200779974
9637,68460295.32144396
9638,68460295.32144396
9639,3258923.414248537
9640,40382216.32993374
9641,68460295.32144396
9642,68460295.32144396
9643,40157710.50579303
9644,47761615.17626618
9645,40157710.50579303
9646,40157710.50579303
9647,68460295.32144396
9648,47761615.17626618
9649,40157710.50579303
9650,40157710.50579303
9651,47761615.17626618
9652,68460295.32144396
9653,27572720.05071466
9654,1061620.0552727273
9655,3258923.414248537
9656,73426316.95995702
9657,40382216.32993374
9658,40382216.32993374
9659,47761615.17626618
9660,40157710.50579303
9661,68460295.32144396
9662,68460295.32144396
9663,40157710.50579303
9664,40382216.32993374
9665,40157710.50579303
9666,47761615.17626618
9667,40382216.32993374
9668,40382216.32993374
9669,40382216.32993374
9670,97891244.42029808
9671,73426316.95995702
9672,3258923.414248537
9673,40157710.50579303
9674,40157710.50579303
9675,34578328.66858686
9676,40157710.50579303
9677,68460295.32144396
9678,3258923.414248537
9679,27572720.05071466
9680,65804077.52965228
9681,27572720.05071466
9682,68460295.32144396
9683,65804077.52965228
9684,27572720.05071466
9685,27572720.05071466
9686,47761615.17626618
9687,3258923.414248537
9688,47761615.17626618
9689,34578328.66858686
9690,3258923.414248537
9691,40157710.50579303
9692,47761615.17626618
9693,68460295.32144396
9694,68460295.32144396
9695,40157710.50579303
9696,40157710.50579303
9697,40157710.50579303
9698,40157710.50579303
9699,47761615.17626618
9700,40157710.50579303
9701,40382216.32993374
9702,68460295.32144396
9703,40382216.32993374
9704,40157710.50579303
9705,47761615.17626618
9706,40382216.32993374
9707,3258923.414248537
9708,27572720.05071466
9709,93528810.42977779
9710,40382216.32993374
9711,40382216.32993374
9712,40382216.32993374
9713,40157710.50579303
9714,27572720.05071466
9715,3258923.414248537
9716,40382216.32993374
9717,40157710.50579303
9718,3258923.414248537
9719,68460295.32144396
9720,47761615.17626618
9721,40157710.50579303
9722,27572720.05071466
9723,65804077.52965228
9724,3258923.414248537
9725,40157710.50579303
9726,73426316.95995702
9727,68460295.32144396
9728,47761615.17626618
9729,47761615.17626618
9730,65804077.52965228
9731,40382216.32993374
9732,40382216.32993374
9733,48295022.200779974
9734,3258923.414248537
9735,40382216.32993374
9736,27572720.05071466
9737,40382216.32993374
9738,40157710.50579303
9739,40157710.50579303
9740,80739459.984375
9741,40382216.32993374
9742,40157710.50579303
9743,40382216.32993374
9744,73426316.95995702
9745,40382216.32993374
9746,40382216.32993374
9747,40157710.50579303
9748,68460295.32144396
9749,32426723.38086644
9750,3258923.414248537
9751,40157710.50579303
9752,40157710.50579303
9753,47761615.17626618
9754,80739459.984375
9755,65804077.52965228
9756,3258923.414248537
9757,68460295.32144396
9758,40157710.50579303
9759,40157710.50579303
9760,68460295.32144396
9761,47761615.17626618
9762,27572720.05071466
9763,40382216.32993374
9764,65804077.52965228
9765,47761615.17626618
9766,40157710.50579303
9767,42668195.831599995
9768,48295022.200779974
9769,40157710.50579303
9770,47761615.17626618
9771,40157710.50579303
9772,40157710.50579303
9773,40382216.32993374
9774,40157710.50579303
9775,40157710.50579303
9776,40382216.32993374
9777,40157710.50579303
9778,40157710.50579303
9779,173958324.33544162
9780,173958324.33544162
9781,47761615.17626618
9782,40157710.50579303
9783,1061620.0552727273
9784,68460295.32144396
9785,68460295.32144396
9786,68460295.32144396
9787,3258923.414248537
9788,65804077.52965228
9789,80739459.984375
9790,73426316.95995702
9791,40382216.32993374
9792,3258923.414248537
9793,40157710.50579303
9794,40382216.32993374
9795,47761615.17626618
9796,40157710.50579303
9797,40157710.50579303
9798,49125854.04571642
9799,3258923.414248537
9800,48295022.200779974
9801,40157710.50579303
9802,40157710.50579303
9803,3258923.414248537
9804,27572720.05071466
9805,40382216.32993374
9806,3258923.414248537
9807,47761615.17626618
9808,47761615.17626618
9809,3258923.414248537
9810,48295022.200779974
9811,27572720.05071466
9812,80739459.984375
9813,47761615.17626618
9814,40157710.50579303
9815,40157710.50579303
9816,47761615.17626618
9817,40157710.50579303
9818,65804077.52965228
9819,47761615.17626618
9820,40157710.50579303
9821,40157710.50579303
9822,40382216.32993374
9823,40382216.32993374
9824,47761615.17626618
9825,40382216.32993374
9826,47761615.17626618
9827,173958324.33544162
9828,73426316.95995702
9829,27572720.05071466
9830,48295022.200779974
9831,97891244.42029808
9832,40382216.32993374
9833,97891244.42029808
9834,47761615.17626618
9835,40382216.32993374
9836,3258923.414248537
9837,40382216.32993374
9838,84892137.11333333
9839,40157710.50579303
9840,42668195.831599995
9841,173958324.33544162
9842,47761615.17626618
9843,93528810.42977779
9844,3258923.414248537
9845,84892137.11333333
9846,40382216.32993374
9847,40382216.32993374
9848,3258923.414248537
9849,40382216.32993374
9850,40382216.32993374
9851,40157710.50579303
9852,68460295.32144396
9853,173958324.33544162
9854,3258923.414248537
9855,47761615.17626618
9856,49125854.04571642
9857,40157710.50579303
9858,173958324.33544162
9859,65804077.52965228
9860,3258923.414248537
9861,40157710.50579303
9862,40382216.32993374
9863,47761615.17626618
9864,68460295.32144396
9865,65804077.52965228
9866,40157710.50579303
9867,40382216.32993374
9868,73426316.95995702
9869,27572720.05071466
9870,93528810.42977779
9871,97891244.42029808
9872,68460295.32144396
9873,27572720.05071466
9874,40382216.32993374
9875,97891244.42029808
9876,97891244.42029808
9877,68460295.32144396
9878,47761615.17626618
9879,27572720.05071466
9880,40382216.32993374
9881,65804077.52965228
9882,40382216.32993374
9883,40382216.32993374
9884,65804077.52965228
9885,173958324.33544162
9886,27572720.05071466
9887,47761615.17626618
9888,68460295.32144396
9889,97891244.42029808
9890,42668195.831599995
9891,3258923.414248537
9892,40157710.50579303
9893,1061620.0552727273
9894,68460295.32144396
9895,47761615.17626618
9896,68460295.32144396
9897,40382216.32993374
9898,40157710.50579303
9899,68460295.32144396
9900,68460295.32144396
9901,40157710.50579303
9902,97891244.42029808
9903,47761615.17626618
9904,40157710.50579303
9905,65804077.52965228
9906,40157710.50579303
9907,40157710.50579303
9908,47761615.17626618
9909,68460295.32144396
9910,3258923.414248537
9911,47761615.17626618
9912,40382216.32993374
9913,65804077.52965228
9914,173958324.33544162
9915,47761615.17626618
9916,27572720.05071466
9917,32426723.38086644
9918,40382216.32993374
9919,3258923.414248537
9920,32426723.38086644
9921,47761615.17626618
9922,65804077.52965228
9923,97891244.42029808
9924,84892137.11333333
9925,68460295.32144396
9926,68460295.32144396
9927,40157710.50579303
9928,48295022.200779974
9929,40382216.32993374
9930,40157710.50579303
9931,27572720.05071466
9932,27572720.05071466
9933,3258923.414248537
9934,47761615.17626618
9935,40157710.50579303
9936,27572720.05071466
9937,27572720.05071466
9938,47761615.17626618
9939,27572720.05071466
9940,47761615.17626618
9941,40382216.32993374
9942,3258923.414248537
9943,47761615.17626618
9944,47761615.17626618
9945,47761615.17626618
9946,48295022.200779974
9947,47761615.17626618
9948,34578328.66858686
9949,27572720.05071466
9950,97891244.42029808
9951,40157710.50579303
9952,40382216.32993374
9953,47761615.17626618
9954,40157710.50579303
9955,3258923.414248537
9956,173958324.33544162
9957,173958324.33544162
9958,1061620.0552727273
9959,40157710.50579303
9960,84892137.11333333
9961,173958324.33544162
9962,84892137.11333333
9963,40157710.50579303
9964,34578328.66858686
9965,68460295.32144396
9966,40382216.32993374
9967,40157710.50579303
9968,27572720.05071466
9969,27572720.05071466
9970,40382216.32993374
9971,40157710.50579303
9972,32426723.38086644
9973,40157710.50579303
9974,49125854.04571642
9975,68460295.32144396
9976,173958324.33544162
9977,34578328.66858686
9978,40382216.32993374
9979,40157710.50579303
9980,32426723.38086644
9981,40157710.50579303
9982,84892137.11333333
9983,65804077.52965228
9984,47761615.17626618
9985,73426316.95995702
9986,84892137.11333333
9987,40157710.50579303
9988,40157710.50579303
9989,80739459.984375
9990,40157710.50579303
9991,40157710.50579303
9992,40157710.50579303
9993,65804077.52965228
9994,73426316.95995702
9995,40157710.50579303
9996,47761615.17626618
9997,40157710.50579303
9998,68460295.32144396
9999,47761615.17626618
10000,80739459.984375
10001,27572720.05071466
10002,40157710.50579303
10003,47761615.17626618
10004,68460295.32144396
10005,84892137.11333333
10006,47761615.17626618
10007,40157710.50579303
10008,27572720.05071466
10009,40157710.50579303
10010,40157710.50579303
10011,40157710.50579303
10012,84892137.11333333
10013,40157710.50579303
10014,65804077.52965228
10015,40157710.50579303
10016,3258923.414248537
10017,47761615.17626618
10018,34578328.66858686
10019,3258923.414248537
10020,48295022.200779974
10021,27572720.05071466
10022,3258923.414248537
10023,47761615.17626618
10024,40382216.32993374
10025,47761615.17626618
10026,27572720.05071466
10027,40157710.50579303
10028,47761615.17626618
10029,27572720.05071466
10030,40382216.32993374
10031,47761615.17626618
10032,40157710.50579303
10033,40157710.50579303
10034,40382216.32993374
10035,47761615.17626618
10036,65804077.52965228
10037,40157710.50579303
10038,40157710.50579303
10039,65804077.52965228
10040,40382216.32993374
10041,40157710.50579303
10042,40382216.32993374
10043,49125854.04571642
10044,40382216.32993374
10045,68460295.32144396
10046,47761615.17626618
10047,84892137.11333333
10048,173958324.33544162
10049,80739459.984375
10050,40157710.50579303
10051,48295022.200779974
10052,49125854.04571642
10053,47761615.17626618
10054,68460295.32144396
10055,65804077.52965228
10056,34578328.66858686
10057,27572720.05071466
10058,40382216.32993374
10059,27572720.05071466
10060,68460295.32144396
10061,27572720.05071466
10062,173958324.33544162
10063,49360793.051043
10064,47761615.17626618
10065,47761615.17626618
10066,3258923.414248537
10067,40157710.50579303
10068,1061620.0552727273
10069,47761615.17626618
10070,27572720.05071466
10071,3258923.414248537
10072,47761615.17626618
10073,27572720.05071466
10074,40157710.50579303
10075,3258923.414248537
10076,84892137.11333333
10077,47761615.17626618
10078,47761615.17626618
10079,47761615.17626618
10080,40382216.32993374
10081,3258923.414248537
10082,47761615.17626618
10083,27572720.05071466
10084,47761615.17626618
10085,40382216.32993374
10086,3258923.414248537
10087,40157710.50579303
10088,40157710.50579303
10089,68460295.32144396
10090,3258923.414248537
10091,65804077.52965228
10092,27572720.05071466
10093,47761615.17626618
10094,40157710.50579303
10095,40157710.50579303
10096,40157710.50579303
10097,47761615.17626618
10098,40157710.50579303
10099,40157710.50579303
10100,97891244.42029808
10101,40157710.50579303
10102,93528810.42977779
10103,47761615.17626618
10104,68460295.32144396
10105,47761615.17626618
10106,32426723.38086644
10107,93528810.42977779
10108,47761615.17626618
10109,40157710.50579303
10110,27572720.05071466
10111,68460295.32144396
10112,49125854.04571642
10113,27572720.05071466
10114,27572720.05071466
10115,3258923.414248537
10116,40382216.32993374
10117,40157710.50579303
10118,40157710.50579303
10119,40157710.50579303
10120,49125854.04571642
10121,40157710.50579303
10122,40157710.50579303
10123,34578328.66858686
10124,65804077.52965228
10125,1061620.0552727273
10126,27572720.05071466
10127,27572720.05071466
10128,47761615.17626618
10129,27572720.05071466
10130,68460295.32144396
10131,47761615.17626618
10132,48295022.200779974
10133,27572720.05071466
10134,173958324.33544162
10135,40157710.50579303
10136,27572720.05071466
10137,97891244.42029808
10138,40382216.32993374
10139,40157710.50579303
10140,40382216.32993374
10141,47761615.17626618
10142,40157710.50579303
10143,40157710.50579303
10144,40382216.32993374
10145,3258923.414248537
10146,27572720.05071466
10147,93528810.42977779
10148,40157710.50579303
10149,40382216.32993374
10150,27572720.05071466
10151,173958324.33544162
10152,3258923.414248537
10153,40157710.50579303
10154,3258923.414248537
10155,40157710.50579303
10156,173958324.33544162
10157,40382216.32993374
10158,40382216.32993374
10159,65804077.52965228
10160,3258923.414248537
10161,47761615.17626618
10162,40157710.50579303
10163,65804077.52965228
10164,40382216.32993374
10165,3258923.414248537
10166,173958324.33544162
10167,32426723.38086644
10168,40382216.32993374
10169,47761615.17626618
10170,40382216.32993374
10171,3258923.414248537
10172,93528810.42977779
10173,3258923.414248537
10174,3258923.414248537
10175,97891244.42029808
10176,3258923.414248537
10177,40157710.50579303
10178,40382216.32993374
10179,65804077.52965228
10180,1061620.0552727273
10181,47761615.17626618
10182,40157710.50579303
10183,40382216.32993374
10184,32426723.38086644
10185,84892137.11333333
10186,40382216.32993374
10187,40157710.50579303
10188,40382216.32993374
10189,40382216.32993374
10190,73426316.95995702
10191,84892137.11333333
10192,173958324.33544162
10193,27572720.05071466
10194,47761615.17626618
10195,40157710.50579303
10196,27572720.05071466
10197,65804077.52965228
10198,40157710.50579303
10199,84892137.11333333
10200,40157710.50579303
10201,173958324.33544162
10202,40382216.32993374
10203,97891244.42029808
10204,40157710.50579303
10205,68460295.32144396
10206,173958324.33544162
10207,32426723.38086644
10208,65804077.52965228
10209,40382216.32993374
10210,48295022.200779974
10211,40157710.50579303
10212,173958324.33544162
10213,173958324.33544162
10214,40157710.50579303
10215,40157710.50579303
10216,40157710.50579303
10217,47761615.17626618
10218,40382216.32993374
10219,173958324.33544162
10220,49125854.04571642
10221,47761615.17626618
10222,40382216.32993374
10223,40157710.50579303
10224,47761615.17626618
10225,97891244.42029808
10226,32426723.38086644
10227,40382216.32993374
10228,80739459.984375
10229,93528810.42977779
10230,40157710.50579303
10231,68460295.32144396
10232,34578328.66858686
10233,47761615.17626618
10234,68460295.32144396
10235,40382216.32993374
10236,3258923.414248537
10237,27572720.05071466
10238,27572720.05071466
10239,48295022.200779974
10240,3258923.414248537
10241,47761615.17626618
10242,68460295.32144396
10243,40157710.50579303
10244,68460295.32144396
10245,47761615.17626618
10246,27572720.05071466
10247,34578328.66858686
10248,47761615.17626618
10249,68460295.32144396
10250,40157710.50579303
10251,40157710.50579303
10252,40382216.32993374
10253,47761615.17626618
10254,68460295.32144396
10255,47761615.17626618
10256,65804077.52965228
10257,27572720.05071466
10258,40157710.50579303
10259,40157710.50579303
10260,40382216.32993374
10261,3258923.414248537
10262,40157710.50579303
10263,40157710.50579303
10264,47761615.17626618
10265,40382216.32993374
10266,47761615.17626618
10267,40157710.50579303
10268,49125854.04571642
10269,40157710.50579303
10270,3258923.414248537
10271,40382216.32993374
10272,173958324.33544162
10273,48295022.200779974
10274,40157710.50579303
10275,3258923.414248537
10276,47761615.17626618
10277,173958324.33544162
10278,40382216.32993374
10279,97891244.42029808
10280,84892137.11333333
10281,173958324.33544162
10282,47761615.17626618
10283,40157710.50579303
10284,97891244.42029808
10285,97891244.42029808
10286,47761615.17626618
10287,48295022.200779974
10288,3258923.414248537
10289,97891244.42029808
10290,84892137.11333333
10291,84892137.11333333
10292,27572720.05071466
10293,40157710.50579303
10294,40157710.50579303
10295,3258923.414248537
10296,40157710.50579303
10297,65804077.52965228
10298,40157710.50579303
10299,68460295.32144396
10300,40157710.50579303
10301,47761615.17626618
10302,1061620.0552727273
10303,68460295.32144396
10304,68460295.32144396
10305,40157710.50579303
10306,65804077.52965228
10307,40157710.50579303
10308,47761615.17626618
10309,40382216.32993374
10310,40157710.50579303
10311,68460295.32144396
10312,47761615.17626618
10313,68460295.32144396
10314,48295022.200779974
10315,65804077.52965228
10316,40157710.50579303
10317,47761615.17626618
10318,68460295.32144396
10319,3258923.414248537
10320,40382216.32993374
10321,40157710.50579303
10322,97891244.42029808
10323,27572720.05071466
10324,73426316.95995702
10325,68460295.32144396
10326,48295022.200779974
10327,40382216.32993374
10328,40382216.32993374
10329,27572720.05071466
10330,40382216.32993374
10331,40382216.32993374
10332,173958324.33544162
10333,68460295.32144396
10334,68460295.32144396
10335,27572720.05071466
10336,40157710.50579303
10337,65804077.52965228
10338,40157710.50579303
10339,40157710.50579303
10340,40157710.50579303
10341,40157710.50579303
10342,47761615.17626618
10343,3258923.414248537
10344,65804077.52965228
10345,40382216.32993374
10346,27572720.05071466
10347,47761615.17626618
10348,3258923.414248537
10349,48295022.200779974
10350,27572720.05071466
10351,27572720.05071466
10352,3258923.414248537
10353,40157710.50579303
10354,34578328.66858686
10355,47761615.17626618
10356,27572720.05071466
10357,80739459.984375
10358,47761615.17626618
10359,3258923.414248537
10360,73426316.95995702
10361,80739459.984375
10362,173958324.33544162
10363,40382216.32993374
10364,40157710.50579303
10365,80739459.984375
10366,27572720.05071466
10367,97891244.42029808
10368,97891244.42029808
10369,47761615.17626618
10370,49125854.04571642
10371,34578328.66858686
10372,97891244.42029808
10373,68460295.32144396
10374,40382216.32993374
10375,27572720.05071466
10376,3258923.414248537
10377,40157710.50579303
10378,40157710.50579303
10379,47761615.17626618
10380,47761615.17626618
10381,40382216.32993374
10382,73426316.95995702
10383,40157710.50579303
10384,68460295.32144396
10385,40157710.50579303
10386,97891244.42029808
10387,40157710.50579303
10388,68460295.32144396
10389,40157710.50579303
10390,1061620.0552727273
10391,68460295.32144396
10392,27572720.05071466
10393,80739459.984375
10394,65804077.52965228
10395,73426316.95995702
10396,68460295.32144396
10397,40382216.32993374
10398,47761615.17626618
10399,34578328.66858686
10400,40157710.50579303
10401,97891244.42029808
10402,47761615.17626618
10403,68460295.32144396
10404,40157710.50579303
10405,68460295.32144396
10406,27572720.05071466
10407,40157710.50579303
10408,40157710.50579303
10409,40157710.50579303
10410,65804077.52965228
10411,47761615.17626618
10412,80739459.984375
10413,68460295.32144396
10414,47761615.17626618
10415,27572720.05071466
10416,48295022.200779974
10417,73426316.95995702
10418,40157710.50579303
10419,40157710.50579303
10420,40157710.50579303
10421,47761615.17626618
10422,49125854.04571642
10423,65804077.52965228
10424,3258923.414248537
10425,40157710.50579303
10426,68460295.32144396
10427,40382216.32993374
10428,3258923.414248537
10429,40157710.50579303
10430,40157710.50579303
10431,3258923.414248537
10432,65804077.52965228
10433,173958324.33544162
10434,65804077.52965228
10435,3258923.414248537
10436,34578328.66858686
10437,40157710.50579303
10438,27572720.05071466
10439,47761615.17626618
10440,40157710.50579303
10441,68460295.32144396
10442,47761615.17626618
10443,68460295.32144396
10444,40382216.32993374
10445,27572720.05071466
10446,27572720.05071466
10447,40157710.50579303
10448,68460295.32144396
10449,40157710.50579303
10450,68460295.32144396
10451,68460295.32144396
10452,47761615.17626618
10453,65804077.52965228
10454,40157710.50579303
10455,27572720.05071466
10456,65804077.52965228
10457,40157710.50579303
10458,40157710.50579303
10459,84892137.11333333
10460,68460295.32144396
10461,1061620.0552727273
10462,27572720.05071466
10463,47761615.17626618
10464,48295022.200779974
10465,27572720.05071466
10466,68460295.32144396
10467,173958324.33544162
10468,68460295.32144396
10469,3258923.414248537
10470,40382216.32993374
10471,65804077.52965228
10472,3258923.414248537
10473,40157710.50579303
10474,40157710.50579303
10475,47761615.17626618
10476,40382216.32993374
10477,40157710.50579303
10478,40157710.50579303
10479,40157710.50579303
10480,40157710.50579303
10481,40157710.50579303
10482,40157710.50579303
10483,27572720.05071466
10484,40382216.32993374
10485,27572720.05071466
10486,34578328.66858686
10487,48295022.200779974
10488,3258923.414248537
10489,40382216.32993374
10490,68460295.32144396
10491,49125854.04571642
10492,47761615.17626618
10493,40157710.50579303
10494,40157710.50579303
10495,68460295.32144396
10496,65804077.52965228
10497,3258923.414248537
10498,40157710.50579303
10499,40382216.32993374
10500,40157710.50579303
10501,40382216.32993374
10502,68460295.32144396
10503,27572720.05071466
10504,84892137.11333333
10505,48295022.200779974
10506,34578328.66858686
10507,73426316.95995702
10508,34578328.66858686
10509,40157710.50579303
10510,3258923.414248537
10511,97891244.42029808
10512,97891244.42029808
10513,68460295.32144396
10514,40382216.32993374
10515,40382216.32993374
10516,40382216.32993374
10517,173958324.33544162
10518,40157710.50579303
10519,40382216.32993374
10520,47761615.17626618
10521,40382216.32993374
10522,40382216.32993374
10523,40157710.50579303
10524,40157710.50579303
10525,3258923.414248537
10526,40157710.50579303
10527,40157710.50579303
10528,40157710.50579303
10529,48295022.200779974
10530,47761615.17626618
10531,40157710.50579303
10532,40382216.32993374
10533,27572720.05071466
10534,97891244.42029808
10535,40382216.32993374
10536,40157710.50579303
10537,40382216.32993374
10538,1061620.0552727273
10539,97891244.42029808
10540,40382216.32993374
10541,68460295.32144396
10542,40382216.32993374
10543,34578328.66858686
10544,40382216.32993374
10545,47761615.17626618
10546,84892137.11333333
10547,97891244.42029808
10548,27572720.05071466
10549,1061620.0552727273
10550,47761615.17626618
10551,27572720.05071466
10552,68460295.32144396
10553,40157710.50579303
10554,47761615.17626618
10555,40382216.32993374
10556,47761615.17626618
10557,40157710.50579303
10558,27572720.05071466
10559,3258923.414248537
10560,173958324.33544162
10561,68460295.32144396
10562,3258923.414248537
10563,173958324.33544162
10564,47761615.17626618
10565,47761615.17626618
10566,40157710.50579303
10567,40382216.32993374
10568,3258923.414248537
10569,3258923.414248537
10570,49125854.04571642
10571,3258923.414248537
10572,47761615.17626618
10573,68460295.32144396
10574,47761615.17626618
10575,97891244.42029808
10576,32426723.38086644
10577,47761615.17626618
10578,68460295.32144396
10579,173958324.33544162
10580,40382216.32993374
10581,93528810.42977779
10582,65804077.52965228
10583,47761615.17626618
10584,40157710.50579303
10585,40157710.50579303
10586,40157710.50579303
10587,3258923.414248537
10588,3258923.414248537
10589,97891244.42029808
10590,27572720.05071466
10591,3258923.414248537
10592,40157710.50579303
10593,40382216.32993374
10594,40157710.50579303
10595,73426316.95995702
10596,40382216.32993374
10597,40157710.50579303
10598,40382216.32993374
10599,47761615.17626618
10600,40382216.32993374
10601,40382216.32993374
10602,47761615.17626618
10603,173958324.33544162
10604,47761615.17626618
10605,40382216.32993374
10606,49125854.04571642
10607,84892137.11333333
10608,47761615.17626618
10609,27572720.05071466
10610,93528810.42977779
10611,93528810.42977779
10612,68460295.32144396
10613,65804077.52965228
10614,27572720.05071466
10615,65804077.52965228
10616,49125854.04571642
10617,40382216.32993374
10618,68460295.32144396
10619,40157710.50579303
10620,40382216.32993374
10621,47761615.17626618
10622,47761615.17626618
10623,47761615.17626618
10624,27572720.05071466
10625,68460295.32144396
10626,40157710.50579303
10627,68460295.32144396
10628,40157710.50579303
10629,40157710.50579303
10630,97891244.42029808
10631,40157710.50579303
10632,40382216.32993374
10633,40157710.50579303
10634,47761615.17626618
10635,47761615.17626618
10636,40382216.32993374
10637,40382216.32993374
10638,48295022.200779974
10639,27572720.05071466
10640,27572720.05071466
10641,40157710.50579303
10642,27572720.05071466
10643,40382216.32993374
10644,40382216.32993374
10645,3258923.414248537
10646,34578328.66858686
10647,40157710.50579303
10648,48295022.200779974
10649,47761615.17626618
10650,40157710.50579303
10651,40382216.32993374
10652,40382216.32993374
10653,40157710.50579303
10654,3258923.414248537
10655,40157710.50579303
10656,48295022.200779974
10657,65804077.52965228
10658,40157710.50579303
10659,34578328.66858686
10660,68460295.32144396
10661,47761615.17626618
10662,48295022.200779974
10663,3258923.414248537
10664,27572720.05071466
10665,65804077.52965228
10666,173958324.33544162
10667,40157710.50579303
10668,3258923.414248537
10669,40157710.50579303
10670,40157710.50579303
10671,93528810.42977779
10672,68460295.32144396
10673,40157710.50579303
10674,40157710.50579303
10675,40157710.50579303
10676,40157710.50579303
10677,40157710.50579303
10678,68460295.32144396
10679,40382216.32993374
10680,3258923.414248537
10681,40157710.50579303
10682,40157710.50579303
10683,40157710.50579303
10684,27572720.05071466
10685,48295022.200779974
10686,40157710.50579303
10687,40157710.50579303
10688,47761615.17626618
10689,27572720.05071466
10690,40157710.50579303
10691,42668195.831599995
10692,40157710.50579303
10693,84892137.11333333
10694,40157710.50579303
10695,80739459.984375
10696,68460295.32144396
10697,48295022.200779974
10698,49125854.04571642
10699,40382216.32993374
10700,40157710.50579303
10701,40382216.32993374
10702,73426316.95995702
10703,40382216.32993374
10704,173958324.33544162
10705,40157710.50579303
10706,47761615.17626618
10707,47761615.17626618
10708,27572720.05071466
10709,40157710.50579303
10710,68460295.32144396
10711,3258923.414248537
10712,68460295.32144396
10713,40382216.32993374
10714,40157710.50579303
10715,173958324.33544162
10716,47761615.17626618
10717,27572720.05071466
10718,40157710.50579303
10719,27572720.05071466
10720,40157710.50579303
10721,27572720.05071466
10722,40157710.50579303
10723,65804077.52965228
10724,27572720.05071466
10725,40157710.50579303
10726,80739459.984375
10727,40157710.50579303
10728,173958324.33544162
10729,49360793.051043
10730,27572720.05071466
10731,97891244.42029808
10732,65804077.52965228
10733,47761615.17626618
10734,47761615.17626618
10735,3258923.414248537
10736,27572720.05071466
10737,80739459.984375
10738,93528810.42977779
10739,27572720.05071466
10740,49125854.04571642
10741,3258923.414248537
10742,32426723.38086644
10743,27572720.05071466
10744,27572720.05071466
10745,27572720.05071466
10746,47761615.17626618
10747,34578328.66858686
10748,47761615.17626618
10749,48295022.200779974
10750,3258923.414248537
10751,47761615.17626618
10752,47761615.17626618
10753,27572720.05071466
10754,40157710.50579303
10755,40157710.50579303
10756,27572720.05071466
10757,68460295.32144396
10758,40382216.32993374
10759,3258923.414248537
10760,27572720.05071466
10761,27572720.05071466
10762,40157710.50579303
10763,40157710.50579303
10764,93528810.42977779
10765,27572720.05071466
10766,40382216.32993374
10767,40157710.50579303
10768,93528810.42977779
10769,27572720.05071466
10770,80739459.984375
10771,40157710.50579303
10772,65804077.52965228
10773,40382216.32993374
10774,27572720.05071466
10775,27572720.05071466
10776,40157710.50579303
10777,40382216.32993374
10778,40157710.50579303
10779,27572720.05071466
10780,47761615.17626618
10781,68460295.32144396
10782,40157710.50579303
10783,40382216.32993374
10784,68460295.32144396
10785,49360793.051043
10786,34578328.66858686
10787,97891244.42029808
10788,27572720.05071466
10789,73426316.95995702
10790,40157710.50579303
10791,73426316.95995702
10792,68460295.32144396
10793,173958324.33544162
10794,40157710.50579303
10795,68460295.32144396
10796,80739459.984375
10797,47761615.17626618
10798,47761615.17626618
10799,97891244.42029808
10800,65804077.52965228
10801,68460295.32144396
10802,3258923.414248537
10803,40157710.50579303
10804,40157710.50579303
10805,40157710.50579303
10806,84892137.11333333
10807,40157710.50579303
10808,40382216.32993374
10809,40382216.32993374
10810,40382216.32993374
10811,48295022.200779974
10812,27572720.05071466
10813,40157710.50579303
10814,173958324.33544162
10815,40157710.50579303
10816,32426723.38086644
10817,40382216.32993374
10818,47761615.17626618
10819,65804077.52965228
10820,47761615.17626618
10821,84892137.11333333
10822,40157710.50579303
10823,73426316.95995702
10824,48295022.200779974
10825,84892137.11333333
10826,27572720.05071466
10827,47761615.17626618
10828,40382216.32993374
10829,1061620.0552727273
10830,40157710.50579303
10831,40382216.32993374
10832,40382216.32993374
10833,68460295.32144396
10834,65804077.52965228
10835,49125854.04571642
10836,40382216.32993374
10837,40157710.50579303
10838,65804077.52965228
10839,48295022.200779974
10840,40157710.50579303
10841,40382216.32993374
10842,40382216.32993374
10843,68460295.32144396
10844,40382216.32993374
10845,47761615.17626618
10846,68460295.32144396
10847,173958324.33544162
10848,40382216.32993374
10849,68460295.32144396
10850,80739459.984375
10851,65804077.52965228
10852,3258923.414248537
10853,3258923.414248537
10854,40157710.50579303
10855,40382216.32993374
10856,173958324.33544162
10857,42668195.831599995
10858,40382216.32993374
10859,48295022.200779974
10860,40157710.50579303
10861,34578328.66858686
10862,40157710.50579303
10863,73426316.95995702
10864,40157710.50579303
10865,73426316.95995702
